[
  {
    "link": "https://static.wikia.nocookie.net/cswikia/images/5/56/Molotovhud.png/revision/latest/scale-to-width-down/2000?cb=20151118070338",
    "body": "[A] HE Grenade\n[B] Incendiary Grenade\n[C] Molotov",
    "answer": "C"
  },
  {
    "link": "https://static.wikia.nocookie.net/cswikia/images/f/f3/CSGO_Desert_Eagle_Inventory.png/revision/latest/scale-to-width-down/2000?cb=20130903115839",
    "body": "[A] Desert Eagle\n[B] CZ75-Auto\n[C] USP-S",
    "answer": "A"
  },
  {
    "link": "https://static.wikia.nocookie.net/cswikia/images/1/12/CSGO_UMP-45_Inventory.png/revision/latest/scale-to-width-down/2000?cb=20130813201733",
    "body": "[A] MP5-SD\n[B] UMP-45\n[C] PP-Bizon",
    "answer": "B"
  },
  {
    "link": "https://static.wikia.nocookie.net/cswikia/images/7/7c/CSGO_M249_Inventory.png/revision/latest/scale-to-width-down/2000?cb=20130813203106",
    "body": "[A] M249\n[B] XM1014\n[C] Negev",
    "answer": "A"
  },
  {
    "link": "https://static.wikia.nocookie.net/cswikia/images/8/8b/Weapon_knife_ursus.png/revision/latest/scale-to-width-down/2000?cb=20180803185522",
    "body": "[A] Stiletto Knife\n[B] Ursus Knife\n[C] Paracord Knife",
    "answer": "B"
  },
  {
    "link": "https://static.wikia.nocookie.net/cswikia/images/c/ce/Hegrenadehud_csgo.png/revision/latest/scale-to-width-down/2000?cb=20151118070058",
    "body": "[A] Decoy Grenade\n[B] Smoke Grenade\n[C] HE Grenade",
    "answer": "C"
  },
  {
    "link": "https://static.wikia.nocookie.net/cswikia/images/1/1b/Incgrenadehud_csgo.png/revision/latest/scale-to-width-down/2000?cb=20150622014843",
    "body": "[A] Incendiary Grenade\n[B] Smoke Grenade\n[C] Flashbang",
    "answer": "A"
  },
  {
    "link": "https://static.wikia.nocookie.net/cswikia/images/d/d4/CSGO_MAG-7_Inventory.png/revision/latest/scale-to-width-down/2000?cb=20130813200441",
    "body": "[A] XM1014\n[B] Sawed-Off\n[C] MAG-7",
    "answer": "C"
  },
  {
    "link": "https://static.wikia.nocookie.net/cswikia/images/9/99/CSGO_PP-Bizon_Inventory.png/revision/latest/scale-to-width-down/2000?cb=20130813201509",
    "body": "[A] MP9\n[B] P90\n[C] PP-Bizon",
    "answer": "C"
  },
  {
    "link": "https://static.wikia.nocookie.net/cswikia/images/8/81/CSGO_M4A1-S_Inventory.png/revision/latest/scale-to-width-down/2000?cb=20130824215315",
    "body": "[A] AK-47\n[B] G3SG1\n[C] M4A1-S",
    "answer": "C"
  },
  {
    "link": "https://static.wikia.nocookie.net/cswikia/images/1/11/CSGO_Nova_Inventory.png/revision/latest/scale-to-width-down/2000?cb=20130813200616",
    "body": "[A] Negev\n[B] Sawed-Off\n[C] Nova",
    "answer": "C"
  },
  {
    "link": "https://static.wikia.nocookie.net/cswikia/images/2/23/CSGO_AWP_Inventory.png/revision/latest/scale-to-width-down/2000?cb=20130813202700",
    "body": "[A] AWP\n[B] M4A1-S\n[C] AUG",
    "answer": "A"
  },
  {
    "link": "https://static.wikia.nocookie.net/cswikia/images/d/d6/Csgo-knife-bayonet-stock.png/revision/latest/scale-to-width-down/2000?cb=20130828145123",
    "body": "[A] Talon Knife\n[B] Bayonet\n[C] Bowie Knife",
    "answer": "B"
  },
  {
    "link": "https://static.wikia.nocookie.net/cswikia/images/3/32/CSGO_P250_Inventory.png/revision/latest/scale-to-width-down/2000?cb=20130813194341",
    "body": "[A] Desert Eagle\n[B] P250\n[C] Tec-9",
    "answer": "B"
  },
  {
    "link": "https://static.wikia.nocookie.net/cswikia/images/2/21/V_knife_ghost.png/revision/latest/scale-to-width-down/2000?cb=20190102202611",
    "body": "[A] Spectral Shiv\n[B] Karambit\n[C] Falchion Knife",
    "answer": "A"
  },
  {
    "link": "https://static.wikia.nocookie.net/cswikia/images/e/e7/CSGO_USP-S_Inventory.png/revision/latest/scale-to-width-down/2000?cb=20130813110903",
    "body": "[A] P2000\n[B] P250\n[C] USP-S",
    "answer": "C"
  },
  {
    "link": "https://static.wikia.nocookie.net/cswikia/images/1/16/CSGO_SG_553_Inventory.png/revision/latest/scale-to-width-down/2000?cb=20130813202530",
    "body": "[A] AWP\n[B] SG 553\n[C] AK-47",
    "answer": "B"
  },
  {
    "link": "https://static.wikia.nocookie.net/cswikia/images/0/04/CSGO_MP7_Inventory.png/revision/latest/scale-to-width-down/2000?cb=20130813201223",
    "body": "[A] MP5-SD\n[B] MP7\n[C] UMP-45",
    "answer": "B"
  },
  {
    "link": "https://static.wikia.nocookie.net/cswikia/images/b/bf/CSGO_SCAR-20_Inventory.png/revision/latest/scale-to-width-down/2000?cb=20130813203014",
    "body": "[A] SCAR-20\n[B] SSG 08\n[C] AWP",
    "answer": "A"
  },
  {
    "link": "https://static.wikia.nocookie.net/cswikia/images/2/23/Decoyhud_csgo.png/revision/latest/scale-to-width-down/2000?cb=20150620150732",
    "body": "[A] HE Grenade\n[B] Molotov\n[C] Decoy Grenade",
    "answer": "C"
  },
  {
    "link": "https://static.wikia.nocookie.net/cswikia/images/e/e4/CSGO_FAMAS_Inventory.png/revision/latest/scale-to-width-down/2000?cb=20130813202130",
    "body": "[A] FAMAS\n[B] Galil AR\n[C] SCAR-20",
    "answer": "A"
  },
  {
    "link": "https://static.wikia.nocookie.net/cswikia/images/9/99/CSGO_Glock-18_Inventory.png/revision/latest/scale-to-width-down/2000?cb=20130813194200",
    "body": "[A] P2000\n[B] Glock-18\n[C] P250",
    "answer": "B"
  },
  {
    "link": "https://static.wikia.nocookie.net/cswikia/images/1/16/W_knife_gg_ct.png/revision/latest/scale-to-width-down/2000?cb=20170709160705",
    "body": "[A] Navaja Knife\n[B] Skeleton Knife\n[C] Gold Knife (CT)",
    "answer": "C"
  },
  {
    "link": "https://static.wikia.nocookie.net/cswikia/images/9/90/CSGO_Five-SeveN_Inventory.png/revision/latest/scale-to-width-down/2000?cb=20130813194104",
    "body": "[A] Five-SeveN\n[B] Glock-18\n[C] CZ75-Auto",
    "answer": "A"
  },
  {
    "link": "https://static.wikia.nocookie.net/cswikia/images/9/99/CSGO_CT_knife.png/revision/latest/scale-to-width-down/2000?cb=20140709195421",
    "body": "[A] Spectral Shiv\n[B] M9 Bayonet\n[C] Stock Knife (CT)",
    "answer": "C"
  },
  {
    "link": "https://static.wikia.nocookie.net/cswikia/images/e/e3/CSGO_Tec-9_Inventory.png/revision/latest/scale-to-width-down/2000?cb=20130813200131",
    "body": "[A] Tec-9\n[B] Five-SeveN\n[C] R8 Revolver",
    "answer": "A"
  },
  {
    "link": "https://static.wikia.nocookie.net/cswikia/images/2/23/CSGO_P2000_Inventory.png/revision/latest/scale-to-width-down/2000?cb=20130813194247",
    "body": "[A] Five-SeveN\n[B] Dual Berettas\n[C] P2000",
    "answer": "C"
  },
  {
    "link": "https://static.wikia.nocookie.net/cswikia/images/b/b8/CSGO_R8_Revolver_Inventory.png/revision/latest/scale-to-width-down/2000?cb=20151209034424",
    "body": "[A] Five-SeveN\n[B] CZ75-Auto\n[C] R8 Revolver",
    "answer": "C"
  },
  {
    "link": "https://static.wikia.nocookie.net/cswikia/images/b/b4/CSGO_Sawed-Off_Inventory.png/revision/latest/scale-to-width-down/2000?cb=20130813200706",
    "body": "[A] Sawed-Off\n[B] M249\n[C] XM1014",
    "answer": "A"
  },
  {
    "link": "https://static.wikia.nocookie.net/cswikia/images/9/9c/CSGO_MAC-10_Inventory.png/revision/latest/scale-to-width-down/2000?cb=20130813201114",
    "body": "[A] UMP-45\n[B] P90\n[C] MAC-10",
    "answer": "C"
  },
  {
    "link": "https://static.wikia.nocookie.net/cswikia/images/b/b8/CSGO_MP5-SD_Inventory.png/revision/latest/scale-to-width-down/2000?cb=20180816181307",
    "body": "[A] MP5-SD\n[B] MP9\n[C] MAC-10",
    "answer": "A"
  },
  {
    "link": "https://static.wikia.nocookie.net/cswikia/images/9/9a/Csgo-weapon_knife_survival_bowie.png/revision/latest/scale-to-width-down/2000?cb=20160218173646",
    "body": "[A] Bowie Knife\n[B] Gut Knife\n[C] Butterfly Knife",
    "answer": "A"
  },
  {
    "link": "https://static.wikia.nocookie.net/cswikia/images/b/bc/CSGO_Dual_Berettas_Inventory.png/revision/latest/scale-to-width-down/2000?cb=20130813194010",
    "body": "[A] Dual Berettas\n[B] Desert Eagle\n[C] P250",
    "answer": "A"
  },
  {
    "link": "https://static.wikia.nocookie.net/cswikia/images/0/03/CSGO_Negev_Inventory.png/revision/latest/scale-to-width-down/2000?cb=20130813203153",
    "body": "[A] MAG-7\n[B] Sawed-Off\n[C] Negev",
    "answer": "C"
  },
  {
    "link": "https://static.wikia.nocookie.net/cswikia/images/5/54/CSGO_P90_Inventory.png/revision/latest/scale-to-width-down/2000?cb=20130813201421",
    "body": "[A] MP7\n[B] P90\n[C] MP9",
    "answer": "B"
  },
  {
    "link": "https://static.wikia.nocookie.net/cswikia/images/7/76/Smokegrenadehud_csgo.png/revision/latest/scale-to-width-down/2000?cb=20151118071919",
    "body": "[A] Smoke Grenade\n[B] Decoy Grenade\n[C] Flashbang",
    "answer": "A"
  },
  {
    "link": "https://static.wikia.nocookie.net/cswikia/images/e/eb/CSGO_MP9_Inventory.png/revision/latest/scale-to-width-down/2000?cb=20130813201324",
    "body": "[A] UMP-45\n[B] MP9\n[C] PP-Bizon",
    "answer": "B"
  },
  {
    "link": "https://static.wikia.nocookie.net/cswikia/images/3/37/CSGO_XM1014_Inventory.png/revision/latest/scale-to-width-down/2000?cb=20130813200959",
    "body": "[A] M249\n[B] XM1014\n[C] Negev",
    "answer": "B"
  },
  {
    "link": "https://static.wikia.nocookie.net/cswikia/images/7/77/CSGO_M4A4_Inventory.png/revision/latest/scale-to-width-down/2000?cb=20130813202347",
    "body": "[A] M4A4\n[B] SG 553\n[C] SSG 08",
    "answer": "A"
  },
  {
    "link": "https://static.wikia.nocookie.net/cswikia/images/4/47/CSGO_SSG_08_Inventory.png/revision/latest/scale-to-width-down/2000?cb=20130813202813",
    "body": "[A] FAMAS\n[B] SSG 08\n[C] Galil AR",
    "answer": "B"
  },
  {
    "link": "https://static.wikia.nocookie.net/cswikia/images/9/92/CSGO_AUG_Inventory.png/revision/latest/scale-to-width-down/2000?cb=20130813202013",
    "body": "[A] AUG\n[B] Galil AR\n[C] SSG 08",
    "answer": "A"
  },
  {
    "link": "https://static.wikia.nocookie.net/cswikia/images/3/35/CSGO_G3SG1_Inventory.png/revision/latest/scale-to-width-down/2000?cb=20130813202929",
    "body": "[A] G3SG1\n[B] SCAR-20\n[C] Galil AR",
    "answer": "A"
  },
  {
    "link": "https://static.wikia.nocookie.net/cswikia/images/2/23/Csgo-knife-flip-stock.png/revision/latest/scale-to-width-down/2000?cb=20130820080356",
    "body": "[A] Flip Knife\n[B] Skeleton Knife\n[C] Stiletto Knife",
    "answer": "A"
  },
  {
    "link": "https://static.wikia.nocookie.net/cswikia/images/c/c5/Csgo-knife-karambit-stock.png/revision/latest/scale-to-width-down/2000?cb=20130828145735",
    "body": "[A] Nomad Knife\n[B] Karambit\n[C] Gold Knife (CT)",
    "answer": "B"
  },
  {
    "link": "https://static.wikia.nocookie.net/cswikia/images/8/80/CSGO_AK-47_Inventory.png/revision/latest/scale-to-width-down/2000?cb=20130813201911",
    "body": "[A] G3SG1\n[B] AWP\n[C] AK-47",
    "answer": "C"
  },
  {
    "link": "https://static.wikia.nocookie.net/cswikia/images/9/93/CSGO_Galil_AR_Inventory.png/revision/latest/scale-to-width-down/2000?cb=20130813202237",
    "body": "[A] AWP\n[B] SSG 08\n[C] Galil AR",
    "answer": "C"
  },
  {
    "link": "https://static.wikia.nocookie.net/cswikia/images/9/90/Weapon_knife_gypsy_jackknife.png/revision/latest/scale-to-width-down/2000?cb=20180803185521",
    "body": "[A] Nomad Knife\n[B] Navaja Knife\n[C] Spectral Shiv",
    "answer": "B"
  },
  {
    "link": "https://static.wikia.nocookie.net/cswikia/images/d/da/CSGO_CZ75-Auto_Inventory.png/revision/latest/scale-to-width-down/2000?cb=20140710231132",
    "body": "[A] Five-SeveN\n[B] CZ75-Auto\n[C] R8 Revolver",
    "answer": "B"
  },
  {
    "link": "https://static.wikia.nocookie.net/cswikia/images/f/f4/Weapon_knife_widowmaker.png/revision/latest/scale-to-width-down/2000?cb=20180803185522",
    "body": "[A] Stock Knife (T)\n[B] Talon Knife\n[C] Falchion Knife",
    "answer": "B"
  },
  {
    "link": "https://static.wikia.nocookie.net/cswikia/images/f/f3/Flashbanghud_csgo.png/revision/latest/scale-to-width-down/2000?cb=20151118070054",
    "body": "[A] HE Grenade\n[B] Incendiary Grenade\n[C] Flashbang",
    "answer": "C"
  },
  {
    "link": "https://static.wikia.nocookie.net/cswikia/images/d/d3/Weapon_knife_outdoor.png/revision/latest/scale-to-width-down/2000?cb=20191228041812",
    "body": "[A] Gold Knife (CT)\n[B] Nomad Knife\n[C] Falchion Knife",
    "answer": "B"
  },
  {
    "link": "https://static.wikia.nocookie.net/cswikia/images/9/96/Weapon_knife_css.png/revision/latest/scale-to-width-down/2000?cb=20191228041835",
    "body": "[A] Classic Knife\n[B] Gold Knife (CT)\n[C] Ursus Knife",
    "answer": "A"
  },
  {
    "link": "https://static.wikia.nocookie.net/cswikia/images/f/fc/Weapon_knife_skeleton.png/revision/latest/scale-to-width-down/2000?cb=20191228041504",
    "body": "[A] Skeleton Knife\n[B] Gut Knife\n[C] Navaja Knife",
    "answer": "A"
  },
  {
    "link": "https://static.wikia.nocookie.net/cswikia/images/5/5f/Csgo-knife-m9-bayonet-stock.png/revision/latest/scale-to-width-down/2000?cb=20130820080255",
    "body": "[A] Karambit\n[B] M9 Bayonet\n[C] Survival Knife",
    "answer": "B"
  },
  {
    "link": "https://static.wikia.nocookie.net/cswikia/images/3/37/Csgo-knife-shadow-daggers-stock.png/revision/latest/scale-to-width-down/2000?cb=20150918132352",
    "body": "[A] Gold Knife (T)\n[B] Shadow Daggers\n[C] Stiletto Knife",
    "answer": "B"
  },
  {
    "link": "https://static.wikia.nocookie.net/cswikia/images/c/cd/W_knife_gg_t.png/revision/latest/scale-to-width-down/2000?cb=20170709160706",
    "body": "[A] Bowie Knife\n[B] Gold Knife (T)\n[C] Talon Knife",
    "answer": "B"
  },
  {
    "link": "https://static.wikia.nocookie.net/cswikia/images/3/3b/Weapon_knife_canis.png/revision/latest/scale-to-width-down/2000?cb=20191228041725",
    "body": "[A] Survival Knife\n[B] Nomad Knife\n[C] Gold Knife (CT)",
    "answer": "A"
  },
  {
    "link": "https://static.wikia.nocookie.net/cswikia/images/5/58/Csgo-falchion-knife-market.png/revision/latest/scale-to-width-down/2000?cb=20150528132135",
    "body": "[A] Paracord Knife\n[B] Gold Knife (T)\n[C] Falchion Knife",
    "answer": "C"
  },
  {
    "link": "https://static.wikia.nocookie.net/cswikia/images/7/70/Weapon_knife_stiletto.png/revision/latest/scale-to-width-down/2000?cb=20180803185521",
    "body": "[A] Stiletto Knife\n[B] Gold Knife (T)\n[C] Falchion Knife",
    "answer": "A"
  },
  {
    "link": "https://static.wikia.nocookie.net/cswikia/images/1/17/Csgo-knife-gut-stock.png/revision/latest/scale-to-width-down/2000?cb=20130828145349",
    "body": "[A] Paracord Knife\n[B] Gut Knife\n[C] Survival Knife",
    "answer": "B"
  },
  {
    "link": "https://static.wikia.nocookie.net/cswikia/images/7/73/Weapon_knife_cord.png/revision/latest/scale-to-width-down/2000?cb=20191228041700",
    "body": "[A] Karambit\n[B] Nomad Knife\n[C] Paracord Knife",
    "answer": "C"
  },
  {
    "link": "https://static.wikia.nocookie.net/cswikia/images/4/48/Csgo-knife-huntsman-stock.png/revision/latest/scale-to-width-down/2000?cb=20140516081628",
    "body": "[A] Paracord Knife\n[B] Huntsman Knife\n[C] Gut Knife",
    "answer": "B"
  },
  {
    "link": "https://static.wikia.nocookie.net/cswikia/images/0/09/CSGO_T_knife.png/revision/latest/scale-to-width-down/2000?cb=20180706225059",
    "body": "[A] Stock Knife (T)\n[B] Gold Knife (T)\n[C] Navaja Knife",
    "answer": "A"
  },
  {
    "link": "https://static.wikia.nocookie.net/cswikia/images/e/ea/Csgo-knife-butterfly-stock-market.png/revision/latest/scale-to-width-down/2000?cb=20140704081526",
    "body": "[A] Falchion Knife\n[B] Butterfly Knife\n[C] Stiletto Knife",
    "answer": "B"
  }
]