{
    "doanhinh": [
        {
            "tukhoa": "cá mập",
            "sokitu": "☐☐ ☐☐☐",
            "suggestions": "Dễ quá tự đoán đi",
            "link1": "https://naturfish.vn/image/cache/catalog/revslider_media_folder/Ca%20ngu%20nguyen%20con%20anh%20bia-500x500.jpg",
            "link2": "https://suckhoedoisong.qltns.mediacdn.vn/Images/quangcao/2019/01/10/canifit11.jpg"
        },
        {
            "tukhoa": "cộng đồng",
            "sokitu": "☐☐☐☐ ☐☐☐☐",
            "suggestions": "CỘ☐☐ Đ☐☐☐",
            "link1": "https://i3.wp.com/conkec.com/sites/default/files/screenshot_12_49.png",
            "link2": "https://i1.wp.com/ae01.alicdn.com/kf/Hcc9ae1ca0f5b4327988d1f2438732262s/CuO-Cu2O-High-Purity-Powder-99-9-Copper-Oxide-for-R-D-Ultrafine-Nano-Powders-about.jpg_640x640.jpg"
        },      
        {
            "tukhoa": "bao la",
            "sokitu": "☐☐☐ ☐☐",
            "suggestions": "Dễ quá tự đoán đi",
            "link1": "https://www.thuocdantoc.org/wp-content/uploads/2019/08/su-dung-bao-cao-su-co-thai.jpg",
            "link2": "https://i.postimg.cc/054YbNND/0003dd55f876b58939f5e76ba86208f9.jpg"            
        },
        {
            "tukhoa": "mỹ tâm",
            "sokitu": "☐☐ ☐☐☐",
            "suggestions": "☐☐ T☐☐",
            "link1": "https://upload.wikimedia.org/wikipedia/en/thumb/a/a4/Flag_of_the_United_States.svg/1200px-Flag_of_the_United_States.svg.png",
            "link2": "https://www.wikihow.com/images/9/93/Find-the-Center-of-a-Circle-Step-17.jpg"            
        }, 
        {
            "tukhoa": "báo thức",
            "sokitu": "☐☐☐ ☐☐☐☐",
            "suggestions": "B☐☐ T☐☐☐",
            "link1": "https://haiphong.gov.vn/upload/haiphong/product/2021/03-2021/Bao-An-ninh-Hai-Phong-chuyen-thanh-chuyen-de-cua-Bao-Cong-an-nhan-dan-57341.jpg",
            "link2": "https://yogadaily.com.vn/wp-content/uploads/2020/07/1-4.jpg"            
        }, 
        {
            "tukhoa": "môi trường",
            "sokitu": "☐☐☐ ☐☐☐☐☐☐",
            "suggestions": "M☐☐ TR☐☐☐☐",
            "link1": "https://cdn.diemnhangroup.com/thegioilamdep/2021/11/phun-moi-collagen-mau-do-cam-2.jpg",
            "link2": "https://png.pngtree.com/png-vector/20190629/ourlarge/pngtree-school-building-flat-design-png-image_1512489.jpg"            
        }, 
        {
            "tukhoa": "tấn công",
            "sokitu": "☐☐☐ ☐☐☐☐",
            "suggestions": "T☐☐ C☐☐☐",
            "link1": "https://st.depositphotos.com/1742172/2000/v/380/depositphotos_20007433-stock-illustration-1-ton-weight-cartoon.jpg",
            "link2": "https://static2.yan.vn/YanNews/2167221/201912/de-thuong-la-the-ma-elsa-doi-thuc-lai-xuat-hien-toan-phien-ban-dang-so-31192cde.jpg"            
        },  
        {
            "tukhoa": "tổng tư lệnh",
            "sokitu": "☐☐☐☐ ☐☐ ☐☐☐☐",
            "suggestions": "T☐☐G TƯ L☐☐☐",
            "link1": "https://chiembaomothay.com/wp-content/uploads/2021/03/42-1.png",
            "link2": "https://product.hstatic.net/200000017614/product/lenh-bai_83a4cf57f8da4d5b8953fc41b0cb0bba.jpeg"            
        },
        {
            "tukhoa": "dầu gió",
            "sokitu": "☐☐☐ ☐☐☐",
            "suggestions": "Dễ quá tự đoán đi",
            "link1": "https://s.meta.com.vn/img/thumb.ashx/498x500x95/Data/image/2020/03/30/dau-dau-nanh-simply-2-lit.jpg",
            "link2": "https://st.quantrimang.com/photos/image/2017/06/29/gio-4.jpg"            
        },  
        {
            "tukhoa": "nhãn tiền",
            "sokitu": "☐☐☐☐ ☐☐☐☐",
            "suggestions": "NH☐☐ T☐Ề☐",
            "link1": "https://png.pngtree.com/element_our/20200610/ourlarge/pngtree-angry-eyes-expression-image_2245571.jpg",
            "link2": "https://png.pngtree.com/png-clipart/20190904/original/pngtree-cartoon-money-bag-coin-illustration-png-image_4503677.jpg"            
        },  
        {
            "tukhoa": "đấu tranh",
            "sokitu": "☐☐☐ ☐☐☐☐☐",
            "suggestions": "Đ☐☐ T☐A☐☐",
            "link1": "https://png.pngtree.com/png-clipart/20210530/original/pngtree-fight-covid-19-coronavirus-pandemic-hero-png-image_6371081.jpg",
            "link2": "https://vcdn-ngoisao.vnecdn.net/2019/07/26/picture-8251-1564129398.jpg"            
        }, 
        {
            "tukhoa": "thất truyền",
            "sokitu": "☐☐☐☐ ☐☐☐☐☐☐",
            "suggestions": "T☐☐T TR☐☐☐N",
            "link1": "https://2.bp.blogspot.com/-YSg2MWOKRz4/VsaHhKs4soI/AAAAAAAAACk/epw0l9xbqW0/s400/seven-706891_640%2B%25281%2529.jpg",
            "link2": "https://fpt.vn/storage/upload/images/promotions/khuyen_mai/pay_tv/fpt_poster_tong.png"            
        },
        {
            "tukhoa": "đồng hồ cát",
            "sokitu": "☐☐☐☐ ☐☐ ☐☐☐",
            "suggestions": "Đ☐☐☐ H☐ C☐☐",
            "link1": "https://hoanghamobile.com/Uploads/2020/09/23/Masstel%20Dream%20Action_637364811208564081.png",
            "link2": "https://bethuysinh.com.vn/wp-content/uploads/2020/08/cat-nang-vang-trai-nen-thuy-sinh.jpg"            
        },
        {
            "tukhoa": "lá cờ",
            "sokitu": "☐☐ ☐☐",
            "suggestions": "Dễ quá tự đoán đi",
            "link1": "https://wineandfood.vn/image/catalog/anh-bai-viet/cac-loai-thuc-pham-khac/siro-cay-la-phong/chiec-la-phong.jpg",
            "link2": "https://salt.tikicdn.com/ts/product/3e/ec/f1/51248201cc16af206b5571e42e9cfb3a.jpg"            
        },
        {
            "tukhoa": "quy ước",
            "sokitu": "☐☐☐ ☐☐☐",
            "suggestions": "Q☐☐ Ứ☐☐",
            "link1": "https://vibienxanh.vn/upload/2017/09/29/rua-bien-4.jpg",
            "link2": "https://img.lovepik.com/photo/40008/7228.jpg_wh860.jpg"            
        },
        {
            "tukhoa": "cầu hôn",
            "sokitu": "☐☐☐ ☐☐☐",
            "suggestions": "C☐☐ H☐☐",
            "link1": "https://baoxaydung.com.vn/stores/news_dataimages/vananh/092020/17/12/in_article/1457_image001.jpg",
            "link2": "https://thuthuatnhanh.com/wp-content/uploads/2019/10/anh-anime-hon-nhau-1.jpg"            
        },
        {
            "tukhoa": "đại bàng",
            "sokitu": "☐☐☐ ☐☐☐☐",
            "suggestions": "Đ☐☐ BÀ☐G",
            "link1": "https://st.quantrimang.com/photos/image/2016/07/29/dai-duong-5.jpg",
            "link2": "https://canhquan.net/Content/Images/FileUpload/2018/2/p1030345_500_03%20(1)-1.jpg"            
        },
        {
            "tukhoa": "đường cát",
            "sokitu": "☐☐☐☐☐ ☐☐☐",
            "suggestions": "Đ☐☐☐G C☐☐",
            "link1": "https://photo-cms-plo.zadn.vn/w800/Uploaded/2021/zaaekt/2021_04_07/duong-cat_kqni.jpg",
            "link2": "https://ngocthachsa.com/upload/news/fsffdtre-800x445-7315.jpg"            
        },
        {
            "tukhoa": "vũng tàu",
            "sokitu": "☐☐☐☐ ☐☐☐",
            "suggestions": "V☐☐☐ T☐☐",
            "link1": "https://diendanlequydon.com/downloads/image_prv/72/71735.jpg",
            "link2": "https://kinglube.vn/wp-content/uploads/2021/06/vt-ben.jpg"            
        },
        {
            "tukhoa": "kế toán",
            "sokitu": "☐☐ ☐☐☐☐",
            "suggestions": "K☐ T☐☐N",
            "link1": "https://kingshop.vn/data/images/Nhiet-ke-dien-tu-Microlife-MT550-1.jpg",
            "link2": "https://media-cdn-v2.laodong.vn/storage/newsportal/2020/3/13/790705/Cau-Do-Toan-Hoc0-01.jpg"            
        },
        {
            "tukhoa": "nhà lá",
            "sokitu": "☐☐☐ ☐☐",
            "suggestions": "N☐☐ L☐",
            "link1": "https://thuthuatnhanh.com/wp-content/uploads/2020/02/tranh-to-mau-ngoi-nha.jpg",
            "link2": "https://cdn.doctailieu.com/images/2018/04/04/be-tap-nhan-biet-la-cay-qua-tranh-to-mau-hinh-la-cay-don-gian-h5-rs650.jpg"            
        },
        {
            "tukhoa": "ngủ đông",
            "sokitu": "☐☐☐ ☐☐☐☐",
            "suggestions": "N☐☐ Đ☐☐☐",
            "link1": "https://png.pngtree.com/png-clipart/20190921/original/pngtree-hand-drawn-quiet-sleeping-boy-png-image_4701599.jpg",
            "link2": "https://anbvietnam.vn/wp-content/uploads/2021/01/hinh-anh-mua-dong-o-han-quoc.jpg"            
        },
        {
            "tukhoa": "tăng ca",
            "sokitu": "☐☐☐☐ ☐☐",
            "suggestions": "T☐☐☐ C☐",
            "link1": "https://1.bp.blogspot.com/-gHorZVWYBi8/XpUnhQaOV7I/AAAAAAAAEmA/DXWp0_1fDgMQg9OSjZyXgQIWZwX0oSjggCLcBGAsYHQ/s1600/tranh-to-mau-xe-tang-8.jpg",
            "link2": "https://phongthuycanbiet.net/wp-content/uploads/2019/04/mo-thay-ca-hat.jpg"            
        },
        {
            "tukhoa": "ly hôn",
            "sokitu": "☐☐ ☐☐☐",
            "suggestions": "Dễ quá tự đoán đi",
            "link1": "https://png.pngtree.com/png-clipart/20190921/original/pngtree-line-drawing-goblet-decoration-illustration-png-image_4715860.jpg",
            "link2": "https://i.pinimg.com/564x/32/0b/43/320b437f6d74e8edf555b8d89cf936b3.jpg"            
        },
        {
            "tukhoa": "bi hài",
            "sokitu": "☐☐ ☐☐☐",
            "suggestions": "☐☐ HÀ☐",
            "link1": "https://cdn.shopify.com/s/files/1/0052/8085/8223/products/Pi_1024x1024.jpg",
            "link2": "https://cafebiz.cafebizcdn.vn/2019/11/26/smilingfacelogoicon-1574758713197302386084-15747587880181543490905.png"            
        },
        {
            "tukhoa": "áo hồng",
            "sokitu": "☐☐ ☐☐☐☐",
            "suggestions": "☐☐ ☐Ồ☐☐",
            "link1": "https://png.pngtree.com/png-clipart/20190617/original/pngtree-hand-painted-gray-ladies-tops-clothes-png-image_3844233.jpg",
            "link2": "https://thuthuatnhanh.com/wp-content/uploads/2021/10/hinh-ve-cach-ve-bong-hoa-buoc-20.jpg"            
        },
        {
            "tukhoa": "sơn tùng",
            "sokitu": "☐☐☐ ☐☐☐☐",
            "suggestions": "S☐☐ T☐☐☐",
            "link1": "https://www.jotun.net.vn/image/cache/catalog/san-pham/son-nuoc-ngoai-that/jota-chong-phai-mau-800x800.jpg",
            "link2": "https://www.sachtruyen.net/covers/anh-chang-danh-trong.330fe.cover.jpg"            
        },
        {
            "tukhoa": "bánh lái",
            "sokitu": "☐☐☐☐ ☐☐☐",
            "suggestions": "B☐☐☐ L☐☐",
            "link1": "https://cdn.popsww.com/blog/sites/2/2022/06/banh_ngot_la_mon_an_vat_hap_dan_va_giau_nang_luong.jpg",
            "link2": "https://png.pngtree.com/png-clipart/20190618/original/pngtree-pet-pet-boy-boy-boy-pet-png-image_3932111.jpg"            
        }
        ,
        {
            "tukhoa": "phong độ",
            "sokitu": "☐☐☐☐☐ ☐☐",
            "suggestions": "P☐☐☐G Đ☐",
            "link1": "https://st.quantrimang.com/photos/image/2017/06/29/gio-4.jpg",
            "link2": "https://upload.wikimedia.org/wikipedia/vi/a/a5/Mixigaming-Logo.jpg"            
        }
        ,
        {
            "tukhoa": "ca khúc",
            "sokitu": "☐☐ ☐☐☐☐",
            "suggestions": "C☐ K☐☐C",
            "link1": "https://phongthuycanbiet.net/wp-content/uploads/2019/04/mo-thay-ca-hat.jpg",
            "link2": "https://png.pngtree.com/png-clipart/20210309/original/pngtree-two-erect-brown-logs-png-image_5827044.jpg"            
        }
        ,
        {
            "tukhoa": "công nghệ",
            "sokitu": "☐☐☐☐ ☐☐☐☐",
            "suggestions": "C☐☐G N☐☐☐",
            "link1": "https://lh3.googleusercontent.com/-JU26m1Ij5ac/VQpU6-fRbOI/AAAAAAAAbCA/FH422B7S_b4/s640/con-cong-095866264604.jpg",
            "link2": "https://vietlifeclinic.com/wp-content/uploads/2020/09/nghe-vang.jpg"            
        }
        ,
        {
            "tukhoa": "tế bào",
            "sokitu": "☐☐ ☐☐☐",
            "suggestions": "T☐ ☐ÀO",
            "link1": "https://cdn.tgdd.vn/Products/Images/2809/82319/bhx/ot-sate-hu-thuy-tinh-100g-2-700x467.jpg",
            "link2": "https://vn-test-11.slatic.net/p/3/mahogany-hand-planer-carpenter-woodworking-planing-tool100mm-intl-9072-53301672-73a2166456819ef6f72db0bbcfb3ea7c-catalog_233.jpg_800x800Q100.jpg"            
        },
        {
            "tukhoa": "nhà ga",
            "sokitu": "☐☐☐ ☐☐",
            "suggestions": "N☐☐ G☐",
            "link1": "https://thuthuatnhanh.com/wp-content/uploads/2020/02/tranh-to-mau-ngoi-nha.jpg",
            "link2": "https://beptoancau.vn/wp-content/uploads/2018/11/b%C3%ACnh-gas-ad-compressed.jpg"            
        },
        {
            "tukhoa": "cá tính",
            "sokitu": "☐☐ ☐☐☐☐",
            "suggestions": "C☐ T☐☐☐",
            "link1": "https://toigingiuvedep.vn/wp-content/uploads/2021/08/hinh-ve-con-ca-hoat-hinh-don-gian.jpg",
            "link2": "https://career.gpo.vn/uploads/images/395799810/tinh-toan-chi-phi-trien-khai-erp.jpeg"            
        },
        {
            "tukhoa": "ba hoa",
            "sokitu": "☐☐ ☐☐☐",
            "suggestions": "B☐ H☐☐",
            "link1": "https://nguoinoitieng.tv/images/nnt/100/0/beoj.jpg",
            "link2": "https://png.pngtree.com/png-clipart/20190517/original/pngtree-red-flower-flowers-plant-hand-painted-flower-png-image_3967234.jpg"            
        },
        {
            "tukhoa": "báo cáo",
            "sokitu": "☐☐☐ ☐☐☐",
            "suggestions": "B☐☐ C☐☐",
            "link1": "https://png.pngtree.com/png-clipart/20200701/original/pngtree-cute-leopard-png-image_5398399.jpg",
            "link2": "https://png.pngtree.com/png-clipart/20190920/original/pngtree-nice-cartoon-red-fox-free-illustration-png-image_4601788.jpg"            
        },
        {
            "tukhoa": "xe tăng",
            "sokitu": "☐☐ ☐☐☐☐",
            "suggestions": "X☐ T☐☐☐",
            "link1": "https://png.pngtree.com/png-clipart/20190116/ourlarge/pngtree-yellow-car-beautiful-car-hand-drawn-car-cartoon-car-png-image_402800.jpg",
            "link2": "https://www.leadfuze.com/wp-content/uploads/2017/01/sales-automation-tools.png"            
        },
        {
            "tukhoa": "cơ bắp",
            "sokitu": "☐☐ ☐☐☐",
            "suggestions": "C☐ B☐☐",
            "link1": "https://modem.vn/y-nghia-cua-52-la-bai/imager_4_193921_700.jpg",
            "link2": "https://www.vinaorganic.com/wp-content/uploads/2017/03/nguyen-lieu-lm-sua-bap-tuoi.jpg"            
        },
        {
            "tukhoa": "xương rồng",
            "sokitu": "☐☐☐☐☐ ☐☐☐☐",
            "suggestions": "X☐☐☐G R☐☐☐",
            "link1": "https://www.publicdomainpictures.net/pictures/310000/nahled/human-skeleton-1570009682Jvh.jpg",
            "link2": "https://i.pinimg.com/564x/08/76/de/0876dee2ec4f6697d376ab7c069906b5.jpg"            
        },
        {
            "tukhoa": "than khóc",
            "sokitu": "☐☐☐☐ ☐☐☐☐",
            "suggestions": "T☐☐☐ K☐☐C",
            "link1": "https://thancui.net/wp-content/uploads/2019/11/than-to-ong-6-1572776664477.jpg",
            "link2": "https://kenh14cdn.com/203336854389633024/2021/3/8/icon-la-gi-27-16151438729881997354266.jpg"            
        },
        {
            "tukhoa": "thông tấn",
            "sokitu": "☐☐☐☐☐ ☐☐☐",
            "suggestions": "T☐☐☐G T☐N",
            "link1": "https://vesinhnha.com.vn/wp-content/uploads/2019/03/cach-thong-bon-cau-bi-tac.jpg",
            "link2": "https://www.pngitem.com/pimgs/m/145-1455969_1-ton-weight-hd-png-download.png"            
        },
        {
            "tukhoa": "cao kiến",
            "sokitu": "☐☐☐ ☐☐☐☐ ",
            "suggestions": "C☐☐ K☐☐☐",
            "link1": "https://img.websosanh.vn/v2/users/root_product/images/mo-hinh-huou-cao-co-dang-an/zNUICMXzStui.jpg",
            "link2": "https://meohayaz.com/wp-content/uploads/2019/07/Chuye%CC%A3%CC%82n-ke%CC%82%CC%89-thu%CC%9B%CC%81-1-Su%CC%9B%CC%A3-ti%CC%81ch-con-kie%CC%82%CC%81n.jpg"            
        },
        {
            "tukhoa": "thích thú",
            "sokitu": "☐☐☐☐ ☐☐☐",
            "suggestions": "T☐☐H T☐☐",
            "link1": "https://salt.tikicdn.com/cache/400x400/ts/product/6b/db/ef/6ac8c4dfdb1ca6d3a3dac9018792fc65.jpg",
            "link2": "https://png.pngtree.com/element_origin_min_pic/16/08/05/2257a4a2c99b8ea.jpg"            
        },
        {
            "tukhoa": "bánh quy",
            "sokitu": "☐☐☐☐ ☐☐☐",
            "suggestions": "B☐☐☐ Q☐☐",
            "link1": "https://png.pngtree.com/png-clipart/20190116/ourlarge/pngtree-black-tire-silver-grey-steel-ring-snow-tires-cartoon-illustration-png-image_409724.jpg",
            "link2": "https://png.pngtree.com/png-clipart/20201024/ourlarge/pngtree-hand-drawn-cartoon-tortoise-clipart-png-image_2375688.jpg"            
        },
        {
            "tukhoa": "sao băng",
            "sokitu": "☐☐☐ ☐☐☐☐",
            "suggestions": "S☐☐ B☐☐G",
            "link1": "https://png.pngtree.com/png-vector/20190726/ourlarge/pngtree-star-icon-png-image_1611681.jpg",
            "link2": "https://img.pikbest.com/png-images/qiantu/cartoon-medical-wound-band-aid_2610221.png"            
        }
    ]
}
