[
  {
    "apikey": "TuanDeepTry_140703",
    "name": "TuanDeepTry",
    "request": "infinite",
    "type": "premium"
  },
  {
    "apikey": "TuanDeepTry_8891840577",
    "name": "Chu Vận",
    "request": 100,
    "type": "free"
  },
  {
    "apikey": "TuanDeepTry_0373961570",
    "name": "tên của bạn",
    "request": 100,
    "type": "free"
  },
  {
    "apikey": "TuanDeepTry_3568064354",
    "name": "904623661.2790498",
    "request": 100,
    "type": "free"
  },
  {
    "apikey": "TuanDeepTry_9737194442",
    "name": "820168884.4293851",
    "request": 100,
    "type": "free"
  },
  {
    "apikey": "TuanDeepTry_1811551221",
    "name": "25138187.478822052",
    "request": 100,
    "type": "free"
  },
  {
    "apikey": "TuanDeepTry_5265461817",
    "name": "721963046.1109766",
    "request": 100,
    "type": "free"
  },
  {
    "apikey": "TuanDeepTry_6311494137",
    "name": "441658456.87966114",
    "request": 100,
    "type": "free"
  },
  {
    "apikey": "TuanDeepTry_0153160112",
    "name": "843812074.0973772",
    "request": 100,
    "type": "free"
  },
  {
    "apikey": "TuanDeepTry_4853685698",
    "name": "124866350.41690119",
    "request": 100,
    "type": "free"
  },
  {
    "apikey": "TuanDeepTry_7508791558",
    "name": "444596526.01987994",
    "request": 100,
    "type": "free"
  },
  {
    "apikey": "TuanDeepTry_3017589503",
    "name": "937397641.8130656",
    "request": 100,
    "type": "free"
  },
  {
    "apikey": "TuanDeepTry_2712166222",
    "name": "549944053.2364875",
    "request": 100,
    "type": "free"
  },
  {
    "apikey": "TuanDeepTry_4913364068",
    "name": "728667234.71522",
    "request": 100,
    "type": "free"
  },
  {
    "apikey": "TuanDeepTry_5825161678",
    "name": "325612.78114586096",
    "request": 100,
    "type": "free"
  },
  {
    "apikey": "TuanDeepTry_8289962123",
    "name": "805346763.2330331",
    "request": 100,
    "type": "free"
  },
  {
    "apikey": "TuanDeepTry_5130797033",
    "name": "33397686.815484427",
    "request": 100,
    "type": "free"
  },
  {
    "apikey": "TuanDeepTry_7363496888",
    "name": "409826844.4555107",
    "request": 100,
    "type": "free"
  },
  {
    "apikey": "TuanDeepTry_5845487777",
    "name": "27982484.36083186",
    "request": 100,
    "type": "free"
  },
  {
    "apikey": "TuanDeepTry_1842681174",
    "name": "398002742.8947661",
    "request": 100,
    "type": "free"
  },
  {
    "apikey": "TuanDeepTry_0554026291",
    "name": "73709476.13799617",
    "request": 100,
    "type": "free"
  },
  {
    "apikey": "TuanDeepTry_7811284570",
    "name": "331178641.78176326",
    "request": 100,
    "type": "free"
  },
  {
    "apikey": "TuanDeepTry_2076191128",
    "name": "567537824.5831131",
    "request": 100,
    "type": "free"
  },
  {
    "apikey": "TuanDeepTry_1651208893",
    "name": "482595939.00048596",
    "request": 100,
    "type": "free"
  },
  {
    "apikey": "TuanDeepTry_7483306963",
    "name": "22987717.218680654",
    "request": 100,
    "type": "free"
  },
  {
    "apikey": "TuanDeepTry_4817631194",
    "name": "810733581.0819458",
    "request": 100,
    "type": "free"
  },
  {
    "apikey": "TuanDeepTry_0969936894",
    "name": "602969330.6909882",
    "request": 100,
    "type": "free"
  },
  {
    "apikey": "TuanDeepTry_9485491335",
    "name": "741489317.9693955",
    "request": 100,
    "type": "free"
  },
  {
    "apikey": "TuanDeepTry_2333852619",
    "name": "267208720.21631047",
    "request": 100,
    "type": "free"
  },
  {
    "apikey": "TuanDeepTry_8887106789",
    "name": "483785644.92830205",
    "request": 100,
    "type": "free"
  },
  {
    "apikey": "TuanDeepTry_1371230109",
    "name": "334154793.75752944",
    "request": 100,
    "type": "free"
  },
  {
    "apikey": "TuanDeepTry_1421828123",
    "name": "450523427.683176",
    "request": 100,
    "type": "free"
  },
  {
    "apikey": "TuanDeepTry_3134725346",
    "name": "207482348.13798496",
    "request": 100,
    "type": "free"
  },
  {
    "apikey": "TuanDeepTry_2069362771",
    "name": "918967919.8764902",
    "request": 100,
    "type": "free"
  },
  {
    "apikey": "TuanDeepTry_7905031637",
    "name": "fuck",
    "request": 100,
    "type": "free"
  },
  {
    "apikey": "TuanDeepTry_5573933402",
    "name": "testkey",
    "request": 100,
    "type": "free"
  },
  {
    "apikey": "TuanDeepTry_3874641922",
    "name": "testkey1",
    "request": 100,
    "type": "free"
  },
  {
    "apikey": "TuanDeepTry_0397604753",
    "name": "234",
    "request": 100,
    "type": "free"
  },
  {
    "apikey": "TuanDeepTry_9267255418",
    "name": "mhieu2008",
    "request": 100,
    "type": "free"
  },
  {
    "apikey": "TuanDeepTry_2177285633",
    "name": "dungkon",
    "request": 100,
    "type": "free"
  }
]