[
  {
    "name": "Phạm Văn Diện",
    "senderID": "100004253741257",
    "message": "Nguời nói sẽ yêu anh mãi đậm sâu",
    "time": "19:04:36 19/01/2022",
    "react": 100000000015
  },
  {
    "name": "Nguyễn Lê Quốc Huy",
    "senderID": "100015647791389",
    "message": "Hi lô các bạn iu",
    "react": 8,
    "time": "12:32:38 20/01/2022"
  },
  {
    "name": "Sang Nguyễn",
    "senderID": "100004236194656",
    "message": "Anh rất nhớ em",
    "react": 3,
    "time": "12:43:30 20/01/2022"
  },
  {
    "name": "Sang Nguyễn",
    "senderID": "100004236194656",
    "message": "Alo 1234, lên đây tìm ny",
    "react": 5,
    "time": "12:48:58 20/01/2022"
  },
  {
    "name": "Sang Nguyễn",
    "senderID": "100004236194656",
    "message": "Anh sẽ khác",
    "react": 11,
    "time": "12:51:14 20/01/2022"
  },
  {
    "name": "Sting Sủi Bọt",
    "senderID": "100028581038207",
    "message": "Hí chào cả nhà của kem",
    "react": 0,
    "time": "13:31:57 20/01/2022"
  },
  {
    "name": "Khoa Đăng",
    "senderID": "100036046658041",
    "message": "Hận người phụ tình",
    "react": 0,
    "time": "13:38:42 20/01/2022"
  },
  {
    "name": "Dương Trúc",
    "senderID": "100056953105174",
    "message": "Đôi khi lỡ hẹn 1 giờ\nLần sau muốn gặp phải chờ trăm năm",
    "react": 0,
    "time": "16:51:05 20/01/2022"
  },
  {
    "name": "Dương Trúc",
    "senderID": "100056953105174",
    "message": "Có cái con cặc lỏ",
    "react": 0,
    "time": "16:55:46 20/01/2022"
  },
  {
    "name": "Quốc Cường",
    "senderID": "100041673456896",
    "message": "Yêu em nhưng ko dám ngỏ lời \nKý tên cường thích lên giường:<",
    "react": 8,
    "time": "16:59:21 20/01/2022"
  },
  {
    "name": "Hồ Quốc Tuấn",
    "senderID": "100011855520258",
    "message": "Hello con cu",
    "react": 4,
    "time": "17:11:59 20/01/2022"
  },
  {
    "name": "Thanh Thanh",
    "senderID": "100041184706360",
    "message": "Bủh bủh, Dảk Dảk, Lmao",
    "react": 31,
    "time": "19:58:34 20/01/2022"
  },
  {
    "name": "Vương Đức Duy",
    "senderID": "100040801755901",
    "message": "Helllo",
    "react": 0,
    "time": "00:13:44 21/01/2022"
  },
  {
    "name": "Khá Bảnh",
    "senderID": "100036193925357",
    "message": "Em ở nhà chờ anh nhé",
    "react": 0,
    "time": "01:58:50 27/02/2022"
  },
  {
    "name": "Nguyễn Minh Tuấn",
    "senderID": "100040494708143",
    "message": "Không em làm gì cũng buồn :<",
    "react": 1000005,
    "time": "01:58:50 27/11/2022"
  },
  {
    "name": "Huỳnh Lê Vi Ngân",
    "senderID": "100033012977777",
    "message": "Gái hiện đại nhưng ngại độc thân =)))))",
    "react": 19,
    "time": "22:10:51 27/11/2022"
  },
  {
    "name": "Nguyễn Minh Tuấn",
    "senderID": "100040494708143",
    "message": "Nanh lỏ có khi không lỏ\nVui tính có khi không vui :))",
    "react": 0,
    "time": "22:39:31 08/12/2022"
  }
]